{
  "best_model": "linear_regression",
  "feature_columns": [
    "daily_sales",
    "lag_1",
    "lag_7",
    "lag_14",
    "roll_mean_7",
    "roll_mean_14",
    "day_of_week",
    "is_weekend",
    "month"
  ],
  "metrics": {
    "val": {
      "rmse": 2.641853593687387,
      "mae": 1.6098841162556945
    },
    "test": {
      "rmse": 1.8514399530059054,
      "mae": 1.2952152811297877
    }
  }
}